id,sequence,label
s1,MGLEALVPLAMIVAIFLLLVDLMHRHQRWAARYPPGPLPLPGLGNLLHVDFQNTPYCFDQLRRRFGDVFSLQLAWTPVVVLNGLAAVREAMVTRGEDTA,1
s2,MFRRLTFAQLLFATVLGIAGGVYIFQPVFEQYAKDQKELKEKMQLVQESEEKKS,1
s3,MTQRAGAAMLPSALLLLCVPGCLTVSGPSTVMGAVGESLSVQCRYEEKYKTFNKYWCRQPCLPIWHEMVETGGSEGVVRSDQVIITDHPGDLTFTVTLE,1
s4,MLLLLLLLLLLPPLVLRVAASRCLHDETQKSVSLLRPPFSQLPSKSRSSSLTLPSSRDPQPLRIQSCYLGDHISDGAWDPEGEGMRGGSRALAAVREATQ,1
s5,MTQMSQVQELFHEAAQQDALAQPQPWWKTQLFMWEPVLFGTWDGVFTSCMINIFGVVLFLRTGWLVGNTGVLLGMFLVSFVILVALVTVLSGIGVGERSS,1
s6,MAARGGSLVRLWLRRRRQQLALALAFALAFALALALPSG,1
s7,MVGLLVLLAALLLPSPVLSLSGAFQATAGAVAGGAVAAAGAAGGAAAGAAATG,1
s8,MLTQALAVVVCLLGACVQAQGGSSSPQLLPSTSPQGQTHTPAAVSQQGTRLRQSTAP,1
s9,MNLQGLFLLLLGVLALSSVAGAQEPAPADLSSSAPSRLDSSFPVPPDPGKAR,1
s10,MKMNLLLLAVAAAVCVPAAPAPVGAPPPPLRRWPGQPQ,1
s11,MLTARLLRLGLLLLVGLSLGACGAAAARADGGAGAGPAA,1
s12,MVAGALLALLLVAALCQAAQAAVDAPGAPLPGAAGG,1
s13,MGVALLLLAVALAACASSPQDQPPPGQAGQAPPSAP,1
s14,MAAALLLLLSVLLLQGQQQQQQPQQPQGAP,1
s15,MGLVLLAVTAVALGSAAAPAPAPAPQQQ,1
s16,MLAAAAGGLLLVVALACGAAAAGPGG,1
s17,MLLLVVVVAVALAVAAAGGAAG,1
s18,MVGLLLAVVGAVAGAAAG,1
s19,MLLLLAVAVAAAAG,1
s20,MAALALLLGVVVVALAAA,1
s21,MKKLLLLLLLLLALALALAAAGAGA,1
s22,MLLLLLLLVVVVVVVAAAGG,1
s23,MVLLLLALLLLAAAGA,1
s24,MGAAALLLLLAVAAA,1
s25,MLLLLLLLAALALAG,1
s26,MSTNPKPQRKTKRNTNRRPQDVK,0
s27,MGHAPQRTDNEKSTQRP,0
s28,MTDPQKDNSRKKGQKSTN,0
s29,MSKPSRRQKRQKRTS,0
s30,MSSKKNSSNNNQQQPPKKQQQ,0
s31,MSSSSGGGKKKRRRNNNNQQQ,0
s32,MSDRPRPRQKTTQQNRRSSK,0
s33,MGKDKDKKSKRNRRKK,0
s34,MSPQQQQQQRNRRKRRN,0
s35,MTPKKKKQSSSRRRQ,0
s36,MSKRRNSSSQQNQQ,0
s37,MTQNRRNNQQQKKKK,0
s38,MKKRRQQNNSSSQQ,0
s39,MTNQRRRQQNNNKK,0
s40,MGQNRRKKKQQQQQ,0
s41,MSKRRQNNNQQQQQ,0
s42,MTKRRRQQQNNQQQ,0
s43,MSQRRKKKQQQQNN,0
s44,MTNRRKKQQQQNNN,0
s45,MSKRRRNNQQQQNN,0
s46,MNKKRRQQQNNNQQ,0
s47,MTRRKKNNQQQQNN,0
s48,MSRRKKKNNNQQQQ,0
s49,MTKKRRRNNQQQQQ,0
s50,MDRRKKNNQQQQNN,0
